contrast,homogeneity,entropy,energy,correlation,dissimilarity
945.9749597052728,0.043855168611964784,9.898754654031789,0.00720492128464881,0.876221582647349,23.05750633202855
1865.104474416613,0.031356076061065476,10.199451393964601,0.00620209472632959,0.7291764215600588,33.29663883536716
1464.2575431507753,0.03426257453587796,10.18357204504776,0.0062573149643136775,0.8139565470619315,29.899512495059074
748.7050560096883,0.046173182995599284,9.837013275379086,0.007422378791312473,0.8937516513764998,21.531456251892227
1910.9131951405318,0.02826898072463242,10.242215335001005,0.006056677394269784,0.702178113283074,35.025941221282224
1611.1689124989205,0.03395196449505608,10.199604782169306,0.006206918706836515,0.8017312566886899,30.56141487431977
388.0531183708104,0.059854492350499694,9.483510144890557,0.008842301714668337,0.935420133588414,15.832498939329657
392.03238354565786,0.060434021865713686,9.353513461449895,0.009442564305310399,0.916899852348637,15.821939122824078
1101.1864515005514,0.0428052552495532,9.930346580145907,0.00711856748162024,0.84017268003631,25.576072444418642
539.595126591541,0.055386043274339235,9.669197974787357,0.008089484359531616,0.9244280829581588,18.231157617444754
1470.7477755308394,0.035743504063491804,10.028217572045751,0.006753074881969623,0.7588599358052421,29.714408493427705
996.2546913921949,0.03875994827931916,9.909627014283904,0.007144741134004635,0.8357240357350622,25.04262385828951
272.6398829839103,0.07141790177637986,9.341638766408883,0.009489412482264545,0.957655509399254,13.236470014627015
2792.6536299686986,0.02576586855935878,10.43428130128724,0.005511780008980887,0.6387232875959096,40.74706337720037
2454.744530833143,0.027554179916599926,10.334500411501617,0.005807461667837484,0.6582436506820605,38.37072185379984
1178.0845116028063,0.03700646840658967,9.947109784366063,0.007021148578152498,0.7946938973364315,27.11807879114949
425.8872125783877,0.06478672966409424,9.424734073691782,0.009115654943647973,0.9285993794590541,15.869944560574389
2843.187207605075,0.02666636293965472,10.366241887712311,0.005723020104413416,0.6135851700786348,40.393540177401846
668.0674960674961,0.05163983890624251,9.703264460089851,0.007961108348303577,0.8977503636834575,20.067639067639067
453.29317305927697,0.05648891507014613,9.421251161089064,0.009137375140029071,0.9095379815832441,16.821710405579005
1057.1024674678233,0.04860639621910383,9.720264224384328,0.00790201625191473,0.8066743448022771,24.10922278318993
1147.7416572717025,0.04347127602951682,9.914665688263717,0.007144189321102918,0.8098520709866013,26.200169109357386
1710.849651179346,0.03426397676746942,10.095624550840407,0.0065319817707437415,0.7294903200991072,31.61307009634094
761.833808756046,0.044843084041373396,9.80720865276267,0.0075291193740387955,0.878504473154756,21.951878953243206
739.1504160973792,0.047043673190140724,9.827248111321992,0.0074704530346260175,0.8982850199235279,21.265308657309646
462.6882956152758,0.056922817239000736,9.436500763327315,0.009046608329585471,0.9054334689770005,17.080091937765207
1504.3929469790382,0.031114863939459468,10.039226669700238,0.006706589437301483,0.7227730657032891,31.089667077681877
815.8456991564558,0.04326601906074941,9.82200768974978,0.007479609330948115,0.8733609297765332,22.414629641031954
2200.893974637953,0.02875373622589275,10.343580093084816,0.005777561709053815,0.7229273932605824,36.04171981691303
2782.827362580198,0.025007848311302195,10.405618879245086,0.005592048045524516,0.5915262217060059,41.72828160221952
2084.916764885186,0.028886488913228394,10.25843361880938,0.006025874890414806,0.6888486128342047,36.00093476935582
2984.227105856994,0.025957853944916637,10.45923869315855,0.005456874490126585,0.6344129938747091,41.74305345054057
658.3535413103733,0.04613763773041352,9.851869009564075,0.0073584833704728,0.9166014847377422,20.45450256531226
3826.503729562,0.020840565422114484,10.550896282469962,0.005197548433345226,0.47072208849718705,48.8780582408402
2892.518127370025,0.02540834324490514,10.411331133666273,0.005590706717435069,0.6095638447863826,41.6474465747599
1055.8029445073614,0.04103420429593479,9.935584708363672,0.007087423134593383,0.8497460416133525,25.01528878822197
1526.4817781505558,0.03237888230909836,10.205953823960218,0.006173082269300764,0.8001771865885097,30.791696372405116
323.5925448688449,0.06606510911074327,9.417066782730688,0.009155417817948576,0.9516425022698691,14.249516797054763
989.2910714285715,0.046346304215188754,9.728661683904358,0.00784952658602307,0.8032411759669329,24.000824175824178
2060.2315946805656,0.03018847299507773,10.32803891484931,0.0058257583536541905,0.7630268514342147,34.61016364542214
1425.799960513327,0.031124310560726287,10.254966940584655,0.006016569255432201,0.82708806297575,30.504007897334656
662.4269800386348,0.047270094710844195,9.759656080113697,0.007702122498113347,0.8961847188545341,20.69961365099807
373.8156957806226,0.05789776160494298,9.583715931077155,0.008397869283790976,0.9480045635190064,15.809029618968255
379.71360538632075,0.05949910974578362,9.51793716730206,0.008692848637107299,0.9436936016253875,15.666803514245833
1615.2005490536048,0.03314255841843218,10.066784641882414,0.0066174076156827796,0.7337652729039071,30.90897269180754
3737.804792454899,0.02161461858978888,10.642437081612094,0.004968494262391497,0.5747837147232682,47.98705927510007
838.1926996372849,0.042642145034631984,9.894255583005966,0.007218000691745261,0.8827489119074678,22.84858080488226
631.0018796992481,0.04961267594738173,9.621276016968578,0.008268454930564446,0.8805777136581315,19.890601503759395
1718.6808093482864,0.030063969257012244,10.272926853851152,0.0059696612047312955,0.7779026121372151,32.9187514704729
3380.832881392701,0.021329342005104494,10.621697622370853,0.005003662510113053,0.5881174843788263,46.92138944628234
3212.336335683449,0.02355083799744109,10.51521389176241,0.005293497476259203,0.6022179207387028,43.95120663415847
542.8552460538532,0.050229082655453804,9.381508888173073,0.009292708077697016,0.8514097644265369,18.773909006499533
1654.131160786426,0.041051484872187904,10.009404712115359,0.006845175493265473,0.7576716829371947,29.413573929437113
632.2956827677197,0.045574071923004035,9.63351728834447,0.008206556266289258,0.8810456072183913,20.138825771457896
673.1103845925221,0.04376976918332709,9.84199584330034,0.007393357589365091,0.9072335817305066,21.09088747548
970.4834796672826,0.04240068108551656,9.886357618836534,0.007243148163443734,0.8396831636582368,24.551756007393713
2316.729885725353,0.029347805583915452,10.315974721371063,0.005860269133171712,0.6943410756625004,36.70617857834592
538.559778729479,0.05360704578635491,9.44454591562462,0.009027086896988565,0.879615428506747,18.224125624553892
115.93119831075136,0.10384539610531358,8.758787246752217,0.01271023478077152,0.9750749231087246,8.719162414217843
330.96524348920514,0.06563592777097862,9.3425658207135,0.009478459989590892,0.9380942357782827,14.620001936295868
475.3825979859451,0.055886132672426016,9.647889574648044,0.008150160589529994,0.9363942927472111,17.162356009563137
845.9013394315582,0.0426431486853483,9.946499581403497,0.007029333325796275,0.8970538450255087,22.708047479037354
3283.551252386186,0.022358389435247348,10.558536226563875,0.0051649654154432185,0.576935351191214,45.879244519002725
1015.7521883005977,0.04165978439795451,9.985259090679824,0.006907343932543417,0.8726365172191273,24.452551238257897
1543.2896732788797,0.0350055026154343,10.076807318888088,0.0065971813029885125,0.7666936814241592,29.87767405678724
1952.2972440119133,0.029053851267932227,10.204105770635271,0.0061777699341816145,0.6778330526793453,35.15969629598557
1113.776340416162,0.03863945429078495,9.938717259935135,0.00705902019240799,0.8231969712417893,26.026478035891223
3262.004848366524,0.02202007069905528,10.453162844684707,0.005451631770471121,0.5062914197468972,45.71622413119874
1858.153206460899,0.02670239589404854,10.237822766487325,0.006065300912890984,0.7002743668111493,35.16592035822805
521.0076893502498,0.056672891232639695,9.615662704064828,0.008305744135973122,0.9235964107779326,17.73910034602076
476.1382784609282,0.05534172776563714,9.565850973074037,0.008499253851118264,0.9236009378564178,17.26814756049187
3345.430806470658,0.02225637738565414,10.554621278999035,0.005184168897987019,0.5790183508546782,45.518183965049
599.0066717499047,0.04926111219308919,9.785479942468074,0.007613464187340566,0.92020222040114,19.514614309315032
2136.475985864589,0.030434183268210485,10.268196947728919,0.005995234736857475,0.705631282988961,35.31471367761626
434.8397898081388,0.06257345088081033,9.152289187846439,0.010471156219876288,0.8713847649700466,15.980202859586951
1027.7627561386198,0.03759737521717292,9.876229034557403,0.007275992799337017,0.8143584468419852,25.570151506356307
715.8185146119005,0.048196859216994715,9.819360974379709,0.007493357535770001,0.9034526223294271,20.955202581125523
706.6500669811871,0.04492244364968175,9.867455099652965,0.007303824453366213,0.9054587879264804,21.241248762304153
3517.4597873589455,0.024150988414336348,10.483799839283819,0.005386439706680342,0.5282192396699262,45.51359989563629
1146.7254309041427,0.037117687012769386,10.022958045303394,0.006765094565731599,0.835951554169093,26.602761818365085
984.1459839999999,0.04531973609171864,9.806302904185994,0.007555795656315752,0.8425846738535392,23.371839999999995
2886.756439910015,0.024735486761734825,10.467094299276575,0.005406439794328939,0.5986689410913406,42.82671651722062
2123.932392273403,0.034670145615109726,10.013815774856326,0.0068238426518437,0.6700429912115727,32.44088303969433
339.6526226734349,0.06316302919069168,9.502514165898603,0.008773596059482592,0.9538975430260317,14.663620981387481
631.3310226653166,0.05263049481270239,9.603417887142449,0.00835724344887756,0.887988499102645,19.371835812758004
538.5863797624556,0.05972878369671126,9.61666993564512,0.0083048034647227,0.9292313929841272,17.25428042572883
1585.479017224346,0.03377615637589385,10.205955344634303,0.0061877617058632385,0.8093333256481478,30.4733903182853
2163.044061686361,0.029625267264016486,10.277325466620164,0.0059717151617618485,0.7028143055167047,35.60989385139195
830.011933347886,0.04536348889922333,9.66960762139855,0.00808371929869627,0.8377122615118836,22.41868587644619
1332.9863848083126,0.038604871112530637,10.022122060226994,0.0067778976834243325,0.8018010472092613,27.769207145416388
1549.8615679485595,0.04434266833854591,9.86134005463039,0.007364627808615737,0.7219110604570684,28.557252380363547
676.0125164690381,0.049936688154007175,9.762710537493442,0.007711168799208617,0.9014674794564297,20.315415019762845
977.1026797419897,0.04017517407739136,9.981770015593776,0.00690482686305699,0.8647120064762802,24.74356285070009
646.2803433268857,0.046425662161189075,9.845168378265358,0.007397030242155877,0.9159391265232593,20.476305609284335
441.11286249238003,0.06159661998170837,9.473815614350894,0.008900607418724189,0.9292849716144951,16.191326308455977
2444.9986266778888,0.03241268042254096,10.205189265584657,0.006207002637795931,0.6508165789061249,36.34563416471005
259.7890821353172,0.0690728076182097,9.303977618903206,0.009662140621711524,0.9582377187580994,13.020609228913242
160.17140299843362,0.08577332954033944,9.199193099895073,0.010184321814925285,0.9793992373675579,10.351980308793914
974.4421639827386,0.039712834906755284,9.968079388995685,0.006944842894828788,0.8575824059863877,24.791285127881277
3028.845402095844,0.026165147466914458,10.319066686626861,0.005859794652881188,0.5683255299173113,41.16802072294831
1891.479335305106,0.030577490106701882,10.300213681701859,0.0059003849626620124,0.7663356631806304,33.67461861768369
1283.8887267904508,0.03464178615934305,10.153544160327046,0.006337200703892183,0.8375158947072032,28.411096374889482
3592.990852126127,0.026203077910480543,10.473398086250487,0.0054228210136760425,0.5537649586644835,44.66601883188687
1977.4628754442838,0.030058007225710587,10.295629642651257,0.005913374686573396,0.7405355002155325,34.68335741905245
1319.507072905332,0.03742490188480808,10.07505040687757,0.006612606574880955,0.8312584027322272,27.958551785537644
1315.9848038921257,0.03970650019486527,9.86948450038665,0.0073206252382397655,0.7627482272553776,27.271247522373724
1706.0227178087262,0.031902706302999975,10.111450321678978,0.006474277203428236,0.720999156893786,32.088511543978164
1365.8424610894942,0.036048501823681536,10.08399291722666,0.00657829615497073,0.8084248721690092,28.64139105058366
1004.6758617120381,0.039890374577278356,9.997426643421239,0.006852730511555919,0.8638903908710189,25.05470448193769
501.2790881747665,0.053681613115003364,9.568906780323083,0.00848694510552165,0.9139724968211584,17.89203735950609
191.68583909719695,0.08145187939259611,9.118986024296179,0.010602204178523374,0.9682414498287534,11.049993932775148
4544.123175182482,0.01883627604762376,10.754741127121042,0.004687389269100634,0.48743834292355925,53.84666730695351
642.0658332128921,0.0485441833562366,9.633250179168192,0.008194647408391088,0.8733116415195458,20.39521607168666
1749.515442171456,0.03133139500263999,10.274116936387081,0.005975746041271499,0.78467995148859,32.64136750776088
653.3594682968439,0.04991087213720848,9.67759516970357,0.008039016362025551,0.895140730887141,19.797199317600224
4094.3345447465763,0.021587939636361846,10.495634782687858,0.005358043860183274,0.42559944189095794,49.40430916996561
690.9516818791092,0.04804447018830371,9.786553286105265,0.0076137979263691995,0.9082273112507943,20.33663113550776
168.39088613682816,0.0843403239424137,9.122982486553216,0.010574929816714474,0.9742208954503935,10.503907659011663
935.556459696916,0.041510750622761515,9.848662943776592,0.007367650756500868,0.8341903214792412,24.38575387699746
554.9143049427952,0.04989744447919238,9.60854409342741,0.008305189270170574,0.8999482645384004,18.924474687803784
1877.052246057254,0.02855788458872385,10.327944094265439,0.0058117967490227225,0.7678264479502217,34.613125046715
1283.5452492774566,0.03501705644517425,10.143581933224716,0.006376134851178375,0.8529614457177214,27.839324421965316
400.8198686079546,0.05867476428973443,9.457301470122266,0.008976941558032341,0.930628244054745,16.011097301136363
703.8205094879125,0.04848306104076919,9.777242993775314,0.00765604950491178,0.8941274833627593,20.861450480894202
458.3870810735641,0.053920665990383435,9.685208814678651,0.00799625739761483,0.9415511169369173,17.215894868585732
552.1187464754693,0.05192037866873531,9.560181564079752,0.00853183101256665,0.9052016717266852,18.519616531056148
856.9066473343743,0.04364012635955021,9.930095668632823,0.007092622393747334,0.8868925945820648,22.92627704662057
251.65751920965974,0.07396391375098613,9.011062399871365,0.011208201428029306,0.9333556011358626,12.793084522502744
206.8615744183576,0.07836409987056546,9.260008277228478,0.009889087619122694,0.9709670015362502,11.601402315946032
1131.1347482230453,0.03889206839315415,10.015529051196909,0.006780105308776845,0.8300951180177791,26.598858744619083
667.7729432972795,0.049071500292285804,9.536289326646934,0.008628283566757248,0.8577314376116414,19.964847590953784
1138.893390414535,0.037268268062026176,9.998903523816825,0.006854728428254668,0.8316645128252752,26.699592774355228
1750.4000317422528,0.029391714606187204,10.238430491864625,0.006058829806818299,0.7398264002444309,33.63694798238305
2665.863380534146,0.026799926348023625,10.386908517304043,0.005652571081276745,0.6390829321795828,40.05653342892992
1795.9878746096758,0.03107473084978098,10.23733708685317,0.006075600113169171,0.7664625898680982,32.60801330143153
5493.830977869403,0.019626002787984945,10.747583654170484,0.004716984308354284,0.41889112228462844,56.36062194182957
313.2820735090153,0.06707811339525648,9.466308909612613,0.00892267825929047,0.9595149410596979,13.990811373092924
1709.4654919236416,0.03309632736844165,10.200532810268006,0.006204589247732895,0.7737996607925539,31.68394229938671
598.0704878228239,0.04904423116770485,9.624774047486028,0.008238119345024447,0.8925253676201585,19.480980060334044
604.166688874084,0.04781821615808223,9.726608901685168,0.00783130330394553,0.9045799374802969,19.875682878081278
338.1178481878277,0.06600751678775475,9.203815293376579,0.010186096952199382,0.9198558281567556,14.583998176430363
764.1912018572533,0.04612185170271716,9.855086395833196,0.0073563863114592095,0.8971803762449269,21.575689029108876
1219.0606687515035,0.03681785361659388,10.089020092922667,0.006558109586434254,0.8451789754623917,27.158239114746216
689.0642470364409,0.050415739467416676,9.669248695347912,0.008089318881335416,0.8830968315952447,20.30060002926972
1338.8915257089966,0.032023369005511886,10.191156645493857,0.0062114422577618225,0.8264396396039162,29.510982075233535
1340.4128305582765,0.04077497925333355,9.973696605608009,0.006952510427374096,0.8185321161805796,26.606105125693766
4156.82230382374,0.018092513260692833,10.622619496574268,0.0049912983630756415,0.41798003975133635,52.775365211143935
1351.744578437969,0.037548871008539646,10.030673837482553,0.0067615925013257356,0.8076006451517684,27.91620516536411
2498.3048775984935,0.029040322967950324,10.3893218969049,0.005662016159944879,0.7149944142190131,37.71616881438541
1654.3459943449577,0.034158675907051,10.12187501117215,0.006458666799773273,0.7591361396417203,31.534118755890674
2670.356913415382,0.02833846900659831,10.383420260867403,0.005664196260944704,0.6782546368059603,38.477893673079
1371.018451629749,0.03202516548250938,10.161726631885562,0.00630635656303122,0.80954268978059,29.833543670307673
305.22041674632,0.06426325842719371,9.352301715251343,0.00942920717069472,0.9479102163164027,14.115274326132674
2233.9300068058888,0.02799882579389197,10.37044620371122,0.005689650311756462,0.7075311442523173,37.16065479815166
581.2195002105855,0.05169109663950353,9.699153326588892,0.007960110588897014,0.9224649354983936,18.816299312087605
2188.0063991947077,0.028368245676805137,10.379242557890956,0.005671645085437741,0.7422814338239239,36.10274662064998
807.104521568401,0.044042516157217354,9.882206698926934,0.007254859402872652,0.8829446238218791,22.602471559738984
650.2501839587932,0.0524386339670752,9.661023380842039,0.008120567085741347,0.896625667902447,19.4691685062546
828.8466675846875,0.04548344867611322,9.728496316075992,0.007851945679904025,0.8507019540254449,22.365808317267973
2632.612540762796,0.027639016415882525,10.404426384781932,0.00560656367241739,0.6795177994404276,38.904685949241454
2388.606556201133,0.027781008924448472,10.377513313424338,0.0056742810084605445,0.6884957304889623,37.87317982928054
2006.164316346637,0.03024778916206546,10.310988396640248,0.005870673796833472,0.7507722189437547,34.55260209403856
1694.7439940595789,0.031882137717565845,10.168394661892064,0.006292132170775442,0.737851052937561,32.57250808071984
986.8522529827407,0.043325831687404684,9.893469982291967,0.007224587573039582,0.8571370267272969,23.84078535850805
751.2162001696353,0.046711522102676796,9.498527114511607,0.008789784469871663,0.7906269111658657,21.808736217133166
3061.2394120167432,0.026033960700978832,10.479235180821721,0.00540175944502474,0.6596283273729404,41.337431198708025
1300.6376383763838,0.03647353652360386,9.987270386349945,0.006893356262847665,0.7809639968725887,28.240590405904058
1097.3391075539964,0.04053086507223054,9.976998249165229,0.006947913394476421,0.8547573883621031,25.42725578335709
394.3512981904013,0.05930338818902319,9.568104816705228,0.008484305499928943,0.9465592968978453,15.841463414634148
4311.938673472045,0.020589708490127905,10.678778949346748,0.004871509653295796,0.49108410190011464,51.4492070518997
1969.5279812022713,0.03043276454598965,10.285973310456333,0.00593791017321294,0.7448008899048394,34.16397102016839
234.97023004059542,0.07547828002260347,9.267794378244968,0.009836990545503703,0.9622819817628988,12.414593525554283
246.17704786701384,0.07256728800902547,9.311044288176884,0.009631435975310987,0.9648143242707068,12.518726216703383
1483.4941074759975,0.03396015128148948,10.13047063413394,0.006414507364573851,0.7878595017161698,30.018746871729537
1499.2375213598348,0.03337588814658209,10.155960923875844,0.006341853522030753,0.800948378839798,30.177713823185535
658.8931106808648,0.045385326488306156,9.536124371683655,0.008614647589075925,0.8373425754886867,20.781300419490154
2454.2891957145016,0.027781419754933673,10.308361775512227,0.005862847243143138,0.6135571890167901,39.137317036366376
966.1994822092405,0.04393481464738773,9.751017456680163,0.007753232319450005,0.8007888034318199,24.53458576739246
2697.2561532131367,0.02748233423738589,10.366602288164481,0.0057218878992267175,0.6453647357086224,39.32438093813122
2035.756504993506,0.030514500938203563,10.164073341985228,0.00631862710511232,0.6587224954494916,35.13945989520355
3490.647515803155,0.023222740008912703,10.56248786156119,0.00516832777828047,0.5707372794114273,45.80584273645655
599.6211688311688,0.04880396335100325,9.76580905153021,0.007690351607228797,0.9159987393328279,19.57883116883117
381.92361051639966,0.060977287459835654,9.468366042506947,0.008903720587785963,0.9354985846031966,15.704889954611627
1606.7252707394166,0.03990527170675965,10.042289569621584,0.006730118873150182,0.780669597394972,29.02445722576299
212.07979391806984,0.08028651724105858,9.100738313214036,0.010718707269231525,0.9587458289865232,11.763131440060315
177.5212182286418,0.08505479183541925,9.206017184558423,0.010158112546212591,0.9768541030840933,10.683909976486397
1029.8638785625774,0.04165037037362104,9.839882019774778,0.007430812565335787,0.8179590319754731,24.850867410161094
828.0223962126729,0.04639104757024462,9.860691760958385,0.00735404081787854,0.8927308263952345,21.79042243262928
1911.2648648648646,0.028364211429142118,10.330812743473366,0.005799618433418442,0.7554752697819687,34.699888930025914
948.6707409821817,0.04241327283034386,9.955796209321207,0.007001713813871371,0.8686514630049754,24.13629943502825
4398.941132389676,0.021959025761202386,10.649782315922804,0.0049596245168477705,0.5279371416393952,49.97049680821538
650.0160681229174,0.050050143646752004,9.646981091478514,0.008171509909500309,0.8861348836865087,19.965420214735282
251.7379740758521,0.07379298951206138,9.349167700917917,0.009445442655581985,0.9645380494450024,12.696591454632738
2280.2204675646385,0.029432194390010633,10.319745348665908,0.005850834671710393,0.7098305848207975,36.18671620993962
454.5700574009598,0.06125136290417609,9.403494947455894,0.009225873506694071,0.913440465121467,16.38373953138233
1034.0302087458278,0.043076605348518544,9.922829053685474,0.007123415167142476,0.8481397486740524,24.587543135147367
943.2228154782409,0.041972943960578796,9.912022942375726,0.007164762502226161,0.8681071085001968,23.772132276954878
2753.2509352916727,0.027334195133092085,10.436020262821105,0.0055230581873610225,0.6847076192282433,39.56179853124567
1993.7009903451703,0.0299360178949631,10.223312906481137,0.006123084567584866,0.7024001101576729,34.625119131479714
4440.895292506977,0.01987369486351947,10.66445569646326,0.004904800228806614,0.4380714664941808,52.98533515875941
4006.642850451238,0.022747498073072747,10.537523400529954,0.005248691582407269,0.468621004815098,49.13849420728851
720.9907885040531,0.04703764606522265,9.81588911024505,0.007495665178290865,0.8915938991120216,21.408990420044216
911.2095577746077,0.04412901433199897,9.680837930792702,0.008031459751377838,0.8068217324160022,23.345791726105563
1501.780604064653,0.033711689761377686,10.177489827735727,0.006264306696619192,0.7890326575419809,30.934740217532607
621.0676221235366,0.050544576997502894,9.719568928760259,0.007861348017652193,0.9061892809883327,19.62407482169291
874.3838485316849,0.046319928610037024,9.600708584984293,0.008359797749006049,0.7910327285119866,22.847681607418856
212.3809704801723,0.09155098683789152,9.137160798521537,0.010571594620726365,0.9682324404787346,11.101102242493349
2203.838392976813,0.025788271038406356,10.414920421608443,0.005551599121432732,0.7212220220068104,37.72768395657419
3061.8711104040726,0.02512235648973092,10.507026915361028,0.005323482796123404,0.6403460509519503,42.493000318167354
1391.5306857494904,0.037093017012338116,10.119744060984901,0.006467629052630767,0.8333986604757299,28.202597033315953
786.2033463866144,0.04272100942624102,9.659040046541328,0.008099417479945225,0.8296307307182631,22.61445354218583
1313.856337634509,0.03457319010973963,10.091836267545082,0.006529369406355922,0.8018562392809978,28.955978944426327
1947.904731529774,0.029366410137601464,10.30850358067351,0.0058592086738788445,0.7334717448324248,35.179580503545836
592.094734616198,0.05328023531640163,9.699130945456877,0.007963478814406767,0.9132070613550293,19.02474096003384
1160.461286089239,0.03886358985456079,9.859052484033539,0.007346359739235478,0.7768832710162493,26.624970174182774
551.5741066198009,0.04923702110592356,9.760904133886045,0.007707223909713303,0.928727053269048,18.877367701620777
1144.1141026277878,0.03863018880742596,10.054319996283478,0.0066711198733949125,0.8551657251751589,26.19159505240673
2728.2505805644873,0.03123565149135244,10.1873932367621,0.006257175354723453,0.5594530906239416,38.72950160771704
362.84998939104605,0.06372383670109501,9.276899559380233,0.009822023735924718,0.9208307733674072,15.057076172289412
3140.8149100257074,0.02365074796364645,10.4331338316479,0.005509742929489868,0.5312726669688286,44.32354021300037
1080.2931540629404,0.043394646429201655,9.887444787393505,0.007251829332660847,0.8360206578425938,24.71471348050728
4132.49528018278,0.023574473642131562,10.585580318511644,0.00512867996380581,0.5279547223118765,48.72285353535354
920.5054676593764,0.04276864229978255,9.880612291398394,0.007264888224174422,0.8572700803113019,23.759539320614245
340.57212384798595,0.06297904111754858,9.29480290123141,0.009728086603920817,0.9287365009633906,14.912188050119083
898.5379895561357,0.04355029433913751,9.777715619920075,0.007657968342591365,0.8356785137842071,23.486292428198432
1821.7504095866686,0.03332298075151421,10.102250285719206,0.006505734832408067,0.6780601838393019,33.71811075223518
1238.9486389316899,0.03667472966036739,10.007605366844931,0.00681971715748023,0.8096541310053429,27.6135593220339
1279.9246445968784,0.035497167824780254,10.031854469938772,0.006731638441296942,0.7929725551612631,28.425489611293372
359.92329345531317,0.061638350880979416,9.45660243944302,0.008970829545377876,0.9442371324953593,15.160802251935259
716.9446303620322,0.04519589125332181,9.605278244434844,0.008330953940625713,0.842284418385794,21.374809857012472
443.9359317497491,0.05540536958518337,9.508822516563532,0.008741281782850862,0.9230479877715706,16.886249581799934
1650.2508339257397,0.0373838254312388,9.996073565338545,0.0068919847785400635,0.7233584391563247,30.532017280035
928.6409903713893,0.04447812640732368,9.869218438914249,0.007318362510826793,0.8598975254704716,23.63255786137193
3612.129303912163,0.019550296374100686,10.65049566176214,0.004938202385427533,0.5784311460230737,48.25439718580108
2481.019856405654,0.03412425964330005,9.970676899386355,0.0069800734211950865,0.5310176289451554,35.70473412609379
2557.007768517062,0.024690161732642345,10.485833496203176,0.005362547551479916,0.6840578036245522,40.445793363736435
528.7754961305646,0.05374223389911763,9.60212051994388,0.008347807442730995,0.9153788744073916,18.055398053788984
1026.159300184162,0.04095226266042585,9.964487113003305,0.006975348296828186,0.858043220030958,24.778193045173868
705.4144494204426,0.04603798925145805,9.752484636325669,0.007742401386928345,0.8883198919018065,20.953964699683876
927.0807054426535,0.03991573283295153,9.873394587884514,0.007288709320892893,0.8521997491556181,24.10418126605933
2153.7416508677265,0.027889473883473244,10.337388197920664,0.0057752860357783665,0.69841447878035,36.97287443488406
389.2920186011198,0.06444507474840667,9.408882011558223,0.009213724427408095,0.9333806145315244,15.415393375723642
1661.107392484171,0.03201342000305259,10.230202431040622,0.006101463606756355,0.7884162155504149,31.603733245621253
792.0706565950028,0.0440269124194941,9.869200028242894,0.007296958243807007,0.8878314254289111,22.40429982568274
1558.8573705973197,0.0326991580141191,10.034516945864995,0.00672609785984448,0.7122398560047486,31.19812683704478
418.24747834946515,0.05874865410044166,9.31617230073269,0.00962987205328168,0.8998040043597126,16.331839021905246
950.7493592090809,0.04195093463737696,9.812262112630886,0.007501320543029161,0.8201812272443317,24.44214573416331
1471.9324060949682,0.034122555461965964,10.15648064332206,0.006331061872034483,0.7961626021459359,30.176381998582567
2206.015404996215,0.02849878603841357,10.328035659942309,0.005818893334050991,0.7179170191870539,36.020401211203634
540.2309477466687,0.05072539541233071,9.625029516503623,0.008252441251397317,0.9120936728819256,18.547911363976645
2523.986111587394,0.02622749539508956,10.40830188535428,0.005579707982674317,0.6692574042840053,39.23126778917046
369.0506916636331,0.062274598958643845,9.420504125288442,0.00913218119033213,0.9385809477882884,15.173006916636332
4048.800508658627,0.021517862557444537,10.61228120684113,0.005049526801420046,0.5255329253844296,48.858347145224904
526.3772864850638,0.051160687752149304,9.744352433744618,0.007766548983690755,0.9333439750193531,18.29253849190683
948.619532044761,0.04356546261910514,9.860328201216298,0.007344958320297248,0.8473186589543451,23.875590928131174
1318.2111319755409,0.03613272953283121,10.076815835002403,0.006590831923541731,0.8169618754813459,28.105301170013
1699.2523986958547,0.02982918596987514,10.101096079811681,0.0065054048484092354,0.6983464763361593,32.85044247787611
490.5383697135061,0.0535200340289729,9.494912265909003,0.008807200842649849,0.905249761933884,17.671214188267395
1377.335367954713,0.03559061006986759,10.06620599697186,0.006633383659737171,0.798692717284297,28.69987693822298
386.19575709956223,0.06383876415499844,9.222180838311468,0.010096218064673368,0.9024509144128551,15.431137052418899
392.32437713727404,0.06119187803196873,9.536042338508635,0.008623408231517074,0.9435259721387691,15.69760625305325
1653.8740440275487,0.03201410528597733,10.221056746623253,0.006140427461470192,0.7863202402253447,31.653145730341823
947.6766137699942,0.04244635633463293,9.794480911558315,0.007582425889530155,0.8224116721011714,24.14357969273566
2364.157150149493,0.028532710286391105,10.370912182932813,0.00569848303487245,0.7142077415751273,37.095748559760814
1976.7811435899703,0.0319217138592897,10.1924479705625,0.006238721997675707,0.7035109924908761,34.216601070180864
2193.693718495541,0.030513672736791543,10.305348315069077,0.005886099390196487,0.7357322000953723,35.263086467623104
250.81080055646893,0.07297139652949997,9.105068858389075,0.01070747969572112,0.9447764124217213,12.652965726571392
402.7851766673636,0.06467278985194402,9.298281395566029,0.00972417968748283,0.9128573279191109,15.87068785281204
569.8389407598198,0.051223472672865304,9.565189094382855,0.008514010750221776,0.8974964130916682,18.84763361236317
2215.484596708929,0.0313804759398895,9.993644290259175,0.006890768694062477,0.5611299893839401,35.09678985702724
689.0397591235579,0.04841351274178315,9.659631908181277,0.008113634801679906,0.8739787440178566,20.542334760211855
1033.1120018455504,0.03864202476886941,9.883120676236267,0.007251275688564144,0.8231926693756465,25.23819136051675
1102.7171438045762,0.04009281977839942,9.952277653453878,0.007023469120779726,0.8345689908372979,25.73018680225489
2007.5262492369407,0.027295765045230076,10.171304277005405,0.006283730194349637,0.6373836639773174,36.051321182523765
2644.4735604332955,0.027453233895134942,10.400389324658986,0.005618531581820653,0.6778397139940247,39.115236602052455
1343.969830792116,0.03564396349864817,10.113113903150282,0.006473037385491753,0.82175711295953,28.347015619189285
2202.6547459213148,0.030701295911138942,10.277132181715885,0.005980784436731943,0.7076511324759902,35.68066235404207
755.1930837415441,0.04465690104887323,9.883027642731154,0.007259794933956064,0.9062510229634215,21.61727315138792
1424.0351641148102,0.03452896229225498,10.1018768840829,0.006506888707605078,0.7975088731711518,29.16640913986047
589.8262507243577,0.056954340933412825,9.393544973519543,0.009286606439673583,0.8575951487762683,18.59812632798918
927.4405924479166,0.039403143120394286,9.936277529991054,0.007055142054284624,0.8656454540564732,24.20773654513889
893.870128312747,0.04545430280116209,9.859743734733147,0.007348125060975683,0.8705381753326281,22.867130351361077
1039.2007206658545,0.03905782321028517,10.021197974651724,0.006774656270827342,0.8736923221392676,25.19696508323183
1835.131444005167,0.030560120536022004,10.284072002796476,0.005942151725873763,0.7681906352673447,33.26860296708029
565.0521315851457,0.05473603226802614,9.577051417880952,0.00845247581585442,0.9023060770206263,18.4364450027479
5265.258522373565,0.01971006261030027,10.747088073966758,0.004719087918934464,0.44609175638801,55.52655693617868
1045.2215554194734,0.04147843543669682,9.850042629567042,0.00739206786817199,0.8265213557303079,24.83429271279853
1244.2991549295775,0.03661287828719223,10.096630836309714,0.006522274173450612,0.8353029658676107,27.47568075117371
1621.4705440273892,0.02922077754320401,10.196342806766026,0.00619365347413177,0.752878986393015,32.48728654335936
1566.2702238342956,0.03422301802023613,10.091987886433165,0.006545145753198872,0.7618835470512302,30.413974132582446
1032.129074613233,0.043337163585484895,9.904713188623345,0.00718179015114292,0.84668956353965,24.388251412913167
828.3675769097821,0.046110700447251934,9.704411842347655,0.007931115163271517,0.8524779870801771,21.941030072589008
1869.4298070826917,0.0290484563686849,10.135892877656504,0.0063975643571983175,0.660888580125956,34.47436826374422
557.0156700161618,0.05320898114330885,9.69088732305385,0.00798722351957435,0.921338476889426,18.451549434333494
578.1655029923056,0.04756255543683417,9.657184975457904,0.00810586339330183,0.8990747494987804,19.50491593046452
231.2472967815799,0.07312035050276573,9.059608058655881,0.01090675142061933,0.9442937332526283,12.40160284951024
4296.302882126215,0.022468864196819812,10.615536314437612,0.005045965826626254,0.49725935686732836,49.7719611114307
2643.9911344309753,0.02719614335060235,10.38478111063921,0.0056624435793246365,0.6698911560242556,39.09053736204089
1287.435325684678,0.03337654808459944,10.092651847007266,0.006522453798148285,0.8068588424414288,28.842986676535897
246.766270783848,0.07097987800222222,9.157978272717797,0.010417173262111813,0.9506033069363157,12.679572446555817
2673.6436872236122,0.026592799469750135,10.39978544664366,0.005598351858828382,0.6224882714168206,40.74155839703815
1161.2422504927433,0.04190634288768748,9.897418114728723,0.0072339312751007,0.8198488585621524,25.654960281908863
2051.9312449145646,0.028880168668103987,10.254155144959268,0.006036872258917605,0.6955116923160106,35.70846216436127
695.2835142181531,0.047252413767452664,9.832947141929985,0.0074353702786559075,0.9080732873845512,20.691990541441825
2634.351420285804,0.027532169366732456,10.415995972483389,0.005572748991492016,0.6797176505673684,39.11177107718109
2087.5828581083933,0.032830757966881265,10.222238654225913,0.006137344926209325,0.7344483739074256,33.34773792928653
1314.8732141992348,0.03472826197446249,10.063115128345277,0.006630814300301628,0.8013089437493022,28.67039566080682
2697.529837378385,0.02728230575119535,10.422362664962948,0.005560998660510223,0.6809095053173067,39.70447121632537
276.01018226249874,0.06913642446073617,9.299839200868735,0.009691353135877703,0.9544244048535224,13.262600549842174
1246.3732162458837,0.03291167373541529,10.042630964111996,0.006673690161571866,0.7889650164424432,28.94124946308405
2798.591330280115,0.02737233849256391,10.409405129389974,0.005596015474474866,0.6630331673184513,39.84002556182767
385.3702751349961,0.05984872004523208,9.47561803952456,0.008879349163603235,0.9366704371779384,15.737636067540926
593.231525625745,0.05112303691295139,9.63775935048454,0.008206628736730575,0.9005044725528851,19.15122169249106
2222.5368089764643,0.027012780597008457,10.416612300486792,0.00555989740171656,0.7340905327553882,37.20265462506842
2153.2942379684305,0.02975151645334241,10.314636501439427,0.005861408226608856,0.7156175344881744,36.20674616958049
1444.3284516901538,0.03501377467536095,10.141075269239495,0.006394687304159124,0.8144069127317952,29.232568849590127
921.5718802092314,0.03855046498960518,9.875374159176298,0.00727085741258465,0.8495623689338987,24.322009541875037
869.2282313764183,0.0459173316571086,9.827116983848844,0.007465587543375213,0.8685013074572551,22.97983473112975
96.03208241353938,0.11023351482010856,8.929623044622051,0.011659679245196326,0.9887430345970561,7.908167770419426
508.82051282051276,0.053638581945544654,9.638034930970985,0.008191544223876622,0.9249792264385528,18.022124542124544
928.2342465753426,0.04014722117439379,9.971401012394894,0.006936604356241283,0.8734178538055813,24.16174920969442
1115.449727802669,0.036790541233082785,10.061890319473138,0.0066304438081735,0.8531736499861433,26.415281591752183
1369.0524884680744,0.034397069615706356,10.056388770600025,0.006650327690560117,0.7765988482433923,29.331488225297402
2559.2283117230318,0.025396191695122937,10.41132399899537,0.005557794907329816,0.6435261326987723,40.18266274562224
2285.811335607452,0.031555040610101975,10.216589129845197,0.006170933751073036,0.6977839049964017,34.91638240181929
1123.042706750597,0.0391156735928492,9.958954524548556,0.0069921146507254395,0.8256270127641929,26.09881701758194
103.14550524934383,0.10674612725714204,8.809877156921159,0.012363696162770214,0.9816463717541518,8.293143044619422
739.5457388584832,0.050624032756656494,9.780233161602332,0.007648855460528081,0.9027902618705596,20.29606463382851
5659.019551164136,0.02072738238420744,10.710658532336996,0.004813692098305487,0.4080569973310363,55.971724391653964
2706.6302598553075,0.026993251234129264,10.368332388734732,0.005710997044770598,0.6401648399282615,39.39786652886462
2877.13512938243,0.02401899702140227,10.525669610338285,0.005260129659053967,0.6484457565243636,42.42834554687262
457.9504008950214,0.0662675910470659,9.484311804143525,0.008917377531379746,0.9406892747485875,15.991795636770464
1454.3846865174773,0.041070304823109395,9.857338926260432,0.007374792064634344,0.7314045219809598,27.961408051291542
2827.651273107778,0.024288238345862877,10.390341038141287,0.005629474223749734,0.5815211654824823,41.94286710847575
4118.989542874216,0.019137250746382412,10.440476774844093,0.00549050383840829,0.3352398156696464,51.56438601732895
655.601421800948,0.04622792622292406,9.859127594021267,0.007340953415196935,0.9169156460890616,20.60047393364929
330.7470652684301,0.06087101270285861,9.55149450427319,0.008534593205452483,0.9593621590530899,14.649553920801374
430.12470627727424,0.055861807381602464,9.500580149414446,0.00877283272599663,0.9255643357921556,16.6609600537093
255.78499005022272,0.07246177646863987,9.363411681529621,0.009379543414566436,0.9642081411782497,12.863166871979532
7079.085358840669,0.015190923613068402,10.947499413482518,0.004241427834519663,0.2672748661229137,67.77570541328015
918.4980140186916,0.040240818067181945,9.871894610707031,0.007293219714490005,0.8449755057050645,24.24193925233645
280.5036884863199,0.06610383336072002,9.386866928596461,0.009279159470247995,0.959505882063919,13.543935007937248
1322.9450440528635,0.03899247819133444,9.960262944948717,0.006998376592650773,0.8016138230177385,27.09603524229075
212.50706404042486,0.07598603725846395,9.294798532649462,0.009723842358554193,0.9715530476680839,11.810972465711044
361.561357973422,0.07307014671955611,9.332891779006795,0.009583040497686317,0.9486286904262605,14.076931063122924
388.72980910425844,0.06270057056255227,9.5350566991215,0.008628537720902689,0.9470330868387627,15.437918094305761
1126.9614906188453,0.03955645466945601,9.987935897583737,0.006879584212697422,0.8278280798206623,26.375919975121796
1594.2930000457814,0.035493545353410795,10.1411306495014,0.006390955275517885,0.7999978852410365,30.39399349906148
1245.5734228895037,0.04077581288865552,9.784733205573337,0.0076427290380469675,0.7219743061965864,27.29672066376926
653.7719891297144,0.04745501961374082,9.737641603351006,0.007793166809411583,0.8954105243171543,20.367866375024857
841.7908523663762,0.04449083764839255,9.869074926624341,0.007307217279813642,0.8751086859660934,22.783788556628206
1159.8175618553796,0.0379975515964774,9.92895449329755,0.007103292884245175,0.8102309395085965,26.451727441808043
849.1336490397264,0.040428559921236513,9.743151537939852,0.007769889448322262,0.8301763443272537,23.45737963693765
576.1474951830444,0.07287411799593456,9.442759091363055,0.009098309964564852,0.9285440233672645,15.927263969171483
448.2302506345178,0.05440640300023934,9.554349386867917,0.008537668800731289,0.9266034980827081,17.024666878172585
5054.341874710204,0.019153794233162998,10.754280396143672,0.00469612478365873,0.4120058066924729,56.43421919613441
1713.1102973232194,0.03323659614894814,10.190493367539448,0.0062354158729062085,0.7673689607502681,31.76039759351295
274.8396204033214,0.0708356658689354,9.156638834521095,0.010421369931481564,0.9416053183289919,13.10367734282325
626.1694951511694,0.05269878761427736,9.671842755144786,0.008059981529458755,0.9054624839774232,19.074229891614376
1033.436260313644,0.03975303354820582,9.954241839102979,0.007010143393206425,0.8508446139047398,25.14644008524124
1874.5640221206,0.03912799195993441,10.023861188517543,0.006796776890311986,0.7518670265427011,30.216792513027755
560.8709451901566,0.049739089208115116,9.683528277850344,0.008006203892590737,0.912885138121097,19.10137024608501
2992.6976618246695,0.02516808452648734,10.5033067433035,0.005332115887899734,0.6692707764982382,41.586232161060146
607.0189747218113,0.04968058533323611,9.766917152465275,0.007679302556370979,0.9153876261300843,19.619733710683736
783.7837638376384,0.04375035517325261,9.623408422446303,0.008245230363651256,0.82239603615278,22.291070110701106
1365.407546663086,0.03522406942313734,10.151840265834128,0.006349482922664128,0.8392037854465978,28.43220983841368
1483.527559377559,0.032272211924144416,10.232533867607048,0.006093305548649919,0.8211073287573414,30.280303030303035
2023.6208285853818,0.030717723696853397,10.2546665057424,0.006035820070609816,0.7183373670430963,34.49906397525639
976.3146240109296,0.040953345074222824,9.916060607277352,0.007147194678986512,0.8539207737412766,24.430864689474582
1905.3470826580224,0.030737514701710725,10.250973645126939,0.00604217003386749,0.7404982778160655,33.820988654781196
707.7258548290341,0.047655900075676175,9.628993143258525,0.008240848418122766,0.8630964197238502,20.72990401919616
1431.86644371091,0.03419430703528142,10.19584311132567,0.006219712196260346,0.8385444607408252,29.21642633773454
807.8144581581445,0.047457081503723436,9.736031011763728,0.007816543017101893,0.8700879731424588,21.6750305167503
229.58017747781523,0.07915454561316443,9.107914348200637,0.010682326300633219,0.9569147842226274,12.209848768903885
1651.3665109294177,0.03277430873517013,10.220021166691613,0.006135274941418317,0.7879369550309536,31.445019189053898
1485.5631846804104,0.039346991543896676,9.529036988371452,0.008696339626414947,0.5224751664314998,28.684551022168552
3549.7811648923007,0.022276917953588226,10.52170755420028,0.005277879793215884,0.5350408217500603,46.364787076008916
972.7652654020665,0.04001276976427448,9.927114308690992,0.007086330475306971,0.847973182082532,24.77062264254086
1511.1463247394404,0.03544341696457796,10.151064858911294,0.006364346053741858,0.8038798647786101,29.900210276101664
5777.150931887496,0.017140459170006832,10.811164398488353,0.004554805185509082,0.3329571581458716,61.19927708121541
452.8002237970906,0.05794827501095038,9.638392919259543,0.008205723778384797,0.9399298184573874,16.808429690414027
1785.1798649219081,0.033124567682672273,10.208687381429757,0.006170450557913585,0.7587781448960051,32.543224989447026
2622.8447088039734,0.02657191502270429,10.285299832490718,0.00595236977914281,0.6081572735403623,39.288111832091644
460.82084241103854,0.055854263183782435,9.65976594289051,0.008113985785393386,0.9412424320040678,17.054248366013073
1797.1469205317235,0.03962723664018703,9.957304762706718,0.007038833774162722,0.7097623113772858,30.358623091658444
1120.9157900386433,0.03821496007706746,9.9787651656453,0.00692918681559146,0.8323357541043073,26.44316230141692
1467.9089838639338,0.0337810431306782,10.18717397035184,0.006243991209712012,0.8163340655802425,29.85316179677279
998.1909710137722,0.038973167397476284,10.034117664870267,0.006725781560129565,0.87190273331337,25.048128076368517
809.009377344336,0.047319640626923856,9.831021178637021,0.0074638791448616935,0.8932428462793321,21.946986746686672
580.6345788043478,0.052867873831295084,9.735780183606963,0.007818700280638075,0.9246869539008042,18.692051630434783
1290.5075381868674,0.038238329098118654,10.052559208096552,0.006674772788534484,0.8146326201167347,28.00416584011109
2423.4494640381427,0.02503396440826159,10.40991111324724,0.005567976686714557,0.6624403524948084,39.56497480810199
1177.4575561476972,0.03725153590720594,10.090474823437766,0.006547174601991497,0.8472510112280651,26.99971450323563
1097.8918495297805,0.03711420362327643,10.072806628887756,0.00659206843439822,0.8535997360327298,26.394366866153703
2857.879989203415,0.026626910775599703,10.460340113694715,0.0054552959710329075,0.6680277458006336,40.52366813995074
3269.516166814552,0.026600157423185576,10.416506503274134,0.005579601767863477,0.5786750360212135,42.55843833185449
2802.9313126767806,0.02522484868986556,10.471649061185104,0.00540496113418004,0.6396909534682473,41.486982514785296
2148.9778513996425,0.028771554559229712,10.349613580262027,0.005759166644472247,0.73896017184508,35.79440887432997
2247.3665787159193,0.03344616413274784,10.20794137042301,0.006196003763926488,0.7137312771984952,34.19560246262094
991.034518356023,0.045731245470874454,9.781086965300938,0.007638777468151274,0.8196733523201707,23.982321440092907
658.9150990274723,0.0489194203263163,9.679513053293217,0.008031782063016961,0.8839237651895008,20.420458578831543
762.4630735985763,0.04391485392446644,9.795256954310423,0.00758417288027584,0.8734085499964445,22.216855217999242
1399.5084291187743,0.032387495277110476,10.061540424825104,0.0066272173634367455,0.758258157560287,30.20555555555556
822.215164859982,0.0441187615447157,9.90311839364721,0.0071781666078857345,0.8927619749552876,22.251411472448055
839.6145030997559,0.04151795297601914,9.803326507096772,0.007548403133723672,0.8522729925912453,23.191308159559146
834.5689404934687,0.04601771237168512,9.718450631656495,0.007886639525640523,0.8450096564939462,22.43029926048794
3579.665866724845,0.019107593909428594,10.705744444174446,0.004782480359411616,0.5912296949340462,49.237291833321216
886.2351704810835,0.04501672352009888,9.880923749114258,0.0072667476924963325,0.874861486301715,22.929588977113497
2143.108283066059,0.028990035880958165,10.344989498044031,0.005763115611875084,0.737779889919073,35.496983963513316
788.9618330116431,0.042667506969562334,9.803780905416495,0.007542520042080641,0.875190077259025,22.17607869995641
852.9512052117262,0.04341477732739877,9.769552703539151,0.0076814972881466695,0.8565939068053106,22.518892508143324
1279.0582594448726,0.03739457997103458,10.080016026002086,0.006582928435523992,0.8265344725848629,27.70976291441789
1568.0006255585342,0.03314614011282983,10.15634877796327,0.006336921753434228,0.7830741177382751,30.77882037533512
280.42541752459397,0.07549254348673073,9.188088654340248,0.01025341712217721,0.9472051743190101,12.854609929078016
3934.9648276609582,0.020411449351562597,10.656173448189007,0.004935472670322186,0.5380499144847408,49.53977888575765
805.223822470424,0.04638392435131873,9.69298307142161,0.008014459962928051,0.8662087122800671,21.821809096921154
2757.950759854044,0.026636731436149242,10.30065034800517,0.005915552486106155,0.5895183942765982,40.24924816552388
2278.925656033179,0.03027005219534394,10.331062115877538,0.005824505990545939,0.7047281259296625,36.92084964533509
1954.0632378110329,0.033568503186518814,10.207604899098484,0.006195747838611559,0.739449001259893,33.28252951244131
561.9458987783595,0.052029632314371674,9.560476902524844,0.008517255612546121,0.8918805440900879,18.79343169919086
1951.783193703986,0.030912108257759988,10.226820610228309,0.006126906781720556,0.7278741384302604,34.03731911652703
2464.702548736729,0.026683225142658317,10.345709701884797,0.005764734101631582,0.6437964832491592,38.736729182850596
1685.4593483074977,0.04126774111987645,10.0155217600459,0.006815119730507755,0.795992223082477,28.099230201413054
983.7849612674005,0.043407802289619414,9.892727983049234,0.007230769201625485,0.8515113066918227,24.173568641155573
1764.7918595777157,0.037196306407104404,10.047110188526869,0.0067058195433611426,0.7516078067602787,30.063291783261263
1730.2440041710115,0.03272581031813593,10.147607072158436,0.006368286630350557,0.7521343505086668,31.68363784739539
2221.037318873599,0.030019404928851495,10.137458441798163,0.0063974952245636554,0.6201119036211518,35.72792308393329
1010.3930284123137,0.037459828623245095,9.969135471507862,0.006926524815762972,0.841890954677985,25.659877275305526
1789.394667860111,0.0334326737181776,9.831502775323345,0.007477744048543967,0.57085816100874,32.25420369541589
509.49624826983313,0.05077268134451064,9.633816266686287,0.008200139543687755,0.9185834257026086,18.231733080789684
704.5175970873786,0.05076935459306054,9.72782453310749,0.007837475055130801,0.8937158488705901,20.69977076591154
2389.8890074268593,0.03051064130424746,10.262270134161366,0.006021911623512151,0.6900722893623095,35.930285995650564
2064.293170130477,0.03147534753026854,10.228221185686449,0.006125933423619474,0.7207832878119786,34.24004420077351
847.680030840401,0.04155597420306935,9.755725949025749,0.007712107808535651,0.8321772064045747,23.406707787201235
781.2537407267698,0.04650518616813632,9.80836600255472,0.007536329014391904,0.8850444259930316,21.724129259398968
889.7625191619826,0.04190109717540502,9.779742026066971,0.007634927336476206,0.8308337181218605,23.680505876341343
2769.1808305166587,0.023664500087577964,10.518300995086431,0.005271210336180382,0.6536191933887548,42.10345243843554
2209.999847205776,0.02814937146248363,10.305469630029856,0.005877118168583034,0.6851430584008033,36.69529011803355
1180.1579867858532,0.03795688147784317,10.063631924470924,0.006631586605022661,0.8496449488797608,26.507190050524677
1035.742493074792,0.03858301001828212,9.935575044770651,0.007072451277245147,0.8367943300973533,25.505595567867037
4138.676881303336,0.020383598819797996,10.688560979419758,0.004849150916110467,0.5422912028215259,50.962011895526246
498.43040293040286,0.053437887273769746,9.668378907196557,0.008060498204955795,0.9273953771116373,17.93448858833474
576.8073314422867,0.05500785766804299,9.662722770073614,0.008105684320753528,0.9212064297917806,18.231871408829733
1223.0690751268412,0.03873859461489403,9.85367083875386,0.007379976492887908,0.76972912655426,26.713796686839043
337.0131868131868,0.06742960503599675,9.292060061248119,0.009749427891437963,0.9325224697226957,14.580324437467295
535.574560049398,0.05188393764986599,9.582252972647044,0.008419991731130538,0.9032155580456156,18.49969126273541
2460.8920917815135,0.028003427029380877,10.374253382876153,0.005685004882087882,0.6910590824941982,37.863229670250384
3002.23969117389,0.027688947499936042,10.420535870552776,0.005564731375004465,0.658692463235825,39.909457799613975
4375.06972293378,0.019693218264041294,10.557745711441001,0.005176376940282002,0.36217029520092275,52.41459823926038
359.0737131963567,0.0694246028702425,9.310903691295282,0.009687125674458057,0.9348599064301194,14.635882228341455
1136.1552130164848,0.035794428016601404,9.965749627729208,0.006963483528062375,0.818542799597501,26.754763433954185
402.6500043925152,0.05669769907936863,9.432555728343424,0.009054123471456083,0.9212346008987728,16.397698322059213
1394.7676947652983,0.03554110000008825,9.83632335024999,0.007435401426192997,0.7121335999238715,28.273838781027273
872.0929632426989,0.047959466014775944,9.825316162283874,0.007485961611987098,0.8714421892471436,22.762273413897283
873.6850021486894,0.04699668904207022,9.699831826730072,0.007973506486839867,0.8392355568122821,22.445065176908752
1077.388299982994,0.04175181405389238,9.95094365483537,0.007043693471802761,0.8501693453951382,25.192279349243236
591.9297293763891,0.04995916798693732,9.76737380049954,0.007690819335717173,0.9268872687009673,18.95705320956988
740.4324495839799,0.04813168034496381,9.696823590701529,0.00797112188900145,0.8681086373339003,21.21090114229305
619.3264088852324,0.05105967329227486,9.701916331554903,0.007931970493276612,0.9060074404513248,19.42239133415604
1632.0405687451084,0.030800242997755443,10.17191828534137,0.006280408618424588,0.758243256271416,31.85359596486651
564.9086350974931,0.05511581120811364,9.233336253756569,0.010043936347397827,0.8214909827564097,18.392311977715877
182.29976978068584,0.08496225054996132,9.121300478450857,0.010590947962395326,0.9707440831868449,10.826850842118017
838.5381313492632,0.04944325796211181,9.696286324920287,0.007984115846956233,0.854468233918563,21.828587780798397
796.7148688046648,0.04548502155807571,9.772469111795797,0.007668261839529814,0.863305839184382,22.23971493359248
1849.0759861591698,0.034267042115725635,10.144290031660653,0.00638739287945785,0.7444201995371196,31.864544405997698
1163.3826422678233,0.03954461866942884,9.998998414230478,0.006863079070551116,0.843359575630287,25.9147979691136
674.9956043956043,0.04565823464964529,9.70747689713587,0.007916099267404343,0.8855743409166662,20.733516483516482
424.99542195732914,0.05833042009225658,9.468198894830591,0.008912661160394506,0.9244661498858381,16.344130603783363
848.0428475240251,0.04616410427641227,9.838018239487043,0.007427590791670319,0.88045101800677,22.188529105710963
2699.516051195971,0.03779023036839825,10.071020205517888,0.006655985936599853,0.6439645934191691,35.590327318506084
452.6608530478329,0.0556952653279462,9.484980650211522,0.008853413573233439,0.9184401578034179,16.880331548955276
546.4199757239468,0.049368492740720124,9.451371518340094,0.008975040259828355,0.865646711086866,19.06103693428126
450.8761813230818,0.05768110851367392,9.54117063775668,0.008590903767732102,0.9244093371892026,16.953708153131505
1520.8250479029168,0.0363495468658937,9.999134279628285,0.006866806747830534,0.7473832133501269,29.449276133702366
1523.0231289662763,0.038309623757360585,10.010397396883008,0.006826025825189771,0.7456670914905676,29.77825562490166
943.3808454499523,0.04375956499660066,9.93364434540363,0.007087172948381854,0.8729724144212523,23.68668949643519
326.96267154620307,0.0669763019157543,9.416651341574651,0.009151189155472955,0.9521750554608137,14.334858188472095
369.72229256351824,0.061472357668271124,9.502404723591384,0.008771895230874271,0.9461444618646797,15.345825947497257
1674.0325518889056,0.03748863904317555,10.075561088971524,0.0066150126770959175,0.7696182648654672,29.91638046886666
191.03327948303715,0.0774032326165223,9.239175733256138,0.009984838216712403,0.9739079490993647,11.299515347334411
1626.9369266491567,0.029921027400306305,10.289410450097463,0.005912430617434911,0.7936502359445616,32.40904419321686
1523.0981536317715,0.03378613424314361,10.177390668592768,0.006267659763219673,0.7990945668381417,30.263717122452533
2607.888271462861,0.0259847709788127,10.461993296868327,0.005438298812548133,0.7047285978916291,39.262946766185514
509.6191726388987,0.05237799623266353,9.672851746150961,0.008052627681562934,0.927262147068517,18.026608954800253
1615.2971991701245,0.03623730187000367,10.104502152274742,0.006504586289912637,0.7733325774814733,30.074735948698603
856.8316623641712,0.0452622116797879,9.852249253021423,0.007371092728467716,0.870388854173901,22.954853815212825
199.0809475693275,0.07985628189721024,9.198249667496745,0.010191978638631517,0.9690861202052266,11.425844841136184
2621.4963098381745,0.02650846828952145,10.424046201515088,0.0055375975715948175,0.6577203969240648,39.736745886654475
2226.0571211545766,0.029770732760625196,10.342918883593963,0.005785674056904551,0.7324306315654932,36.19415115837448
696.7895685689418,0.043863553217486285,9.790327344900266,0.007581176784496404,0.888617871917435,21.412221807783165
784.5739742240926,0.04946875013076534,9.777887044974555,0.007662910809924394,0.8837520754468168,21.664978958442923
863.2581513236123,0.04435932935619964,9.81944727494091,0.007499549636791799,0.8656787619357169,22.732085862694785
3129.8653676932745,0.024840506898424233,10.516282259413321,0.00529734636877944,0.649125224021126,42.43991200502828
520.4707173657389,0.05200555684934012,9.565951627442777,0.008488293652640373,0.9028121949240673,18.373030184241475
169.0256950294861,0.09046880907835256,9.001553736950816,0.01127746665372369,0.9689601517361136,10.352007862959843
877.031771741839,0.04755210738084822,9.83683937578048,0.007443838348482719,0.8748708640136379,22.642661350610517
748.9722944366041,0.04836799908543807,9.657368354753856,0.008139929012228087,0.8592918234418491,21.245784743370724
487.02496660844554,0.062452849603651966,9.320012537875492,0.009623373487863855,0.8865723531762982,16.844960443850816
3083.4423069725663,0.02643329490578818,10.37656684665025,0.005698614790219018,0.5870211978449642,42.14817171301321
2552.574195346245,0.02744210024670795,10.408302571492868,0.005588469658813398,0.6869090236593458,39.07997770656263
5094.519887968945,0.019346178636387622,10.740398108505023,0.004725375130313172,0.40829333433557397,56.0645406972459
2312.468456769437,0.029561495886666546,10.230780829149552,0.006111287540764244,0.6825663613237182,35.416345509383376
353.1659042640091,0.061786164099359234,9.512789464234944,0.008705405341812179,0.9529524528185289,14.86464629962424
409.3366817059675,0.0594154574464459,9.498570782643604,0.008792955774461346,0.9349290801156185,16.158338299140205
484.40648948312406,0.05639859970551326,9.52534537041041,0.008660980536259143,0.9160454315674769,17.285178542312085
2288.68782932785,0.027390954460068284,10.194199449500793,0.006215478061475771,0.601144002156833,37.515143726170585
353.4648020113137,0.06503213018144564,9.26880078228291,0.0098400887394269,0.9189598860087965,15.056672952021788
1004.6302648596975,0.042950874211985755,9.92140807052234,0.007123252930817064,0.8533927206110687,24.366304897936228
127.69559394669882,0.09613962008011334,9.004485865810068,0.01120676867246577,0.9812904660492704,9.227132717289408
284.63622047244087,0.07005098509206105,9.204100474854425,0.010170806700131223,0.9399403264116195,13.523959505061866
1772.52425514897,0.030691529479445187,10.246111720443661,0.0060457404961429,0.7454945196387536,33.43591281743651
2898.9713567182703,0.025010486191279838,10.473369817165185,0.005409928096385043,0.6352031366948021,41.76376641191456
1278.600432967373,0.03883286388440715,10.009558537078208,0.006816841625480377,0.8094400581543967,27.37606308953147
1928.0147240308097,0.03171656789281625,10.212463017409652,0.006165998102741435,0.7297135521419333,33.40057023703136
1859.640191169777,0.0324309196388749,10.142561842236907,0.006383694910488107,0.7191035067755169,32.57018661811562
660.1823607427054,0.051364947075987474,9.755663222297951,0.0077380477201098846,0.9101960416248491,19.72533156498674
1462.2406153294166,0.03329352096306414,10.133944171238207,0.006396145938255469,0.7821097916382513,30.337399650177154
1458.5862240087342,0.03524449622888966,10.063184427263206,0.006646645434130794,0.783371801732649,29.466081087787206
1249.8106453572598,0.03647062379591536,10.094316998627349,0.00652514875935342,0.8295954203286887,27.844478713958594
907.7778246205735,0.04334585600906652,9.844264380247472,0.007396950883868581,0.8570716827384373,23.48933991809203
1228.2848997047142,0.038131858686240375,10.022593879875368,0.006773022578752181,0.8283369873881743,26.745137969656856
1817.2077255646693,0.03077216600531283,10.249041850522653,0.006045139710095031,0.7392441273584011,33.799507050789934
7524.630340266578,0.015709829419189504,10.922059030829896,0.004313438449306131,0.2287078435359397,68.49451940152272
584.7627749297172,0.053314909211051364,9.516753448403536,0.008703423505300609,0.883405725286216,18.765586241111293
1403.119157223796,0.03305738885348435,10.145559650094398,0.006358087636689364,0.8017145799667075,29.72662889518414
577.8582328328822,0.04728858583245901,9.804941909724567,0.007529555718898278,0.9268813897439765,19.37816884075806
426.71476318578294,0.05855640995813536,9.548189390598182,0.008583003267801358,0.9360499076739316,16.373196380533134
2771.6023806508797,0.02483708841893125,10.47735908401437,0.005384210883775497,0.6577336042297957,41.24844877801697
1153.045350460765,0.04080923262066878,9.936807042527617,0.007074606716827975,0.8168363045634426,26.08628874616029
1220.8678553292332,0.04145396142086247,9.940779498498655,0.007070114045720198,0.8175139183533439,26.150933814816906
1281.0108835375781,0.03262867615079529,10.167670171990297,0.006281226690312037,0.8327264188685559,28.91293169937441
525.8481521349122,0.05254527333423067,9.655867906888423,0.00811637776281231,0.9194241259766212,18.283602439899536
137.873760842627,0.09921452219800583,8.88378041823649,0.011936943573067516,0.9727383868433893,9.387081784386618
3892.328768591719,0.020673450427297985,10.641371814232867,0.004958914301216935,0.5174584268111297,49.69883424896153
989.9023866814072,0.037933547528241504,9.760667896401504,0.0077072063657935026,0.7902176684176168,25.04942446511023
1522.2838658347641,0.03110340349063104,10.20599445132682,0.006172020842085204,0.7944403230746391,31.127967840542695
483.3727655099895,0.05387906996613207,9.620113397528588,0.008271363155916022,0.9280299436888626,17.56864954183566
620.6244978597301,0.04762997872055619,9.743184693869193,0.007770826473493579,0.906449194013783,19.97082647349358
3180.170458108343,0.024885511923619368,10.432867404884151,0.005533021278741017,0.5694726930853636,43.23347848806828
666.9096956113079,0.04621005330960408,9.643618778479189,0.00816205092425426,0.8684754110568903,20.71130070132311
364.9978887364087,0.06390929317875078,9.2584205618137,0.009888345944832086,0.921838395104728,15.31901192863929
387.47599102468206,0.05606299284929654,9.608706772558651,0.008304863888437044,0.9503729950236018,16.001944652206433
1693.9226838270085,0.03407505078034297,10.11593629980998,0.006476744064452985,0.7516482509630079,31.17961578499101
1965.6177419354842,0.03637528479479365,10.039842521746698,0.0067393298295360905,0.710298623885253,31.578095733610827
855.2521788664197,0.04112197075895164,9.89427145671068,0.007210032118051382,0.8749351931539445,23.274622614639703
612.1004884856945,0.05091814760718185,9.685618927464027,0.00799807329065982,0.9047528567501245,19.378646196789944
3393.8224322656647,0.022194076484501987,10.618286411138113,0.005028146463789307,0.6229052598622626,46.057805575811976
2078.607721657663,0.02612989151463817,10.29383508531604,0.0058973569688838805,0.6859243175442621,36.71931547731481
575.9616938392728,0.04969296164218947,9.651114336276727,0.008136125915378264,0.9019976743038044,19.24650122637426
1366.2003769192397,0.04002385187981873,9.937102943283925,0.007068485506679582,0.7585946649120686,28.36755168782218
1825.1849067112228,0.037183139526840284,9.955833363598295,0.007018427848297796,0.6792515815282588,30.910665552770816
770.0331543182816,0.0429034512112733,9.925461375770197,0.007092805649874369,0.9017615914427434,22.15426348092942
195.5343028028615,0.08185789484823096,9.154229294751328,0.01041830998687126,0.9684906196918005,11.198428521168054
937.7951321816877,0.042229060291852506,9.926521160175216,0.007095169721556423,0.8611025318001888,24.136100226281805
1502.629037547139,0.032301622467363345,10.246111322602966,0.0060608879163882275,0.8314382422438232,30.354976225610756
4246.79734330524,0.022075506500202523,10.647240372621848,0.00496727105511725,0.5447303059422433,49.56544064296478
437.2263455201632,0.05868373693017976,9.566738969325629,0.008486312432443095,0.9322148249886824,16.74133061352581
1252.0461794810758,0.044220340217070137,9.885251974930073,0.007267611046693788,0.797166271069996,26.705427279219233
293.89615688339035,0.07481173034073324,9.054966013159575,0.01096744756830727,0.9233758176833109,13.308897078178466
2172.5324541677787,0.0283152022265371,10.32588230431579,0.0058278461481259,0.7086124678117774,36.430918168997984
1103.017628037968,0.039844973947689606,9.997741967296752,0.006857204365674796,0.8435074634139517,25.806404506102012
734.2010373703287,0.04583805224547119,9.804959994343033,0.007541903624660966,0.8882639584866459,21.558367704036996
3701.275133629933,0.025186901488555048,10.503408316504423,0.005334309547522461,0.5519715999587733,45.191466888583044
1617.021565312743,0.03299445787488058,10.152849981591864,0.006359424352693323,0.7774697031783595,30.958879700278704
4327.931432862548,0.022783858813658544,10.611451287691327,0.005056299971436359,0.5068295798525283,49.52274499610086
2139.3791164349273,0.029455436471924685,10.314200698964935,0.005861322956028784,0.705343233545742,36.23286985325271
393.4375725058004,0.05648907087258519,9.632659918382247,0.008199569384413035,0.9504836583254025,16.073013341067284
392.67926293817027,0.05588930529462136,9.633735302968745,0.008189454826726275,0.9516196127739909,16.145468941193403
230.97154471544715,0.08006509614430322,9.277694408232389,0.009852471861764607,0.9659636448789082,12.064491320588882
457.908760815822,0.0598536790057948,9.593801012047916,0.008382529061043857,0.939179603502951,16.46453955500618
701.9533922462942,0.04769919392445157,9.670515025459768,0.008063735922550967,0.8653306120352442,21.06143101482326
3037.812763908438,0.029119341922924584,10.388268313050222,0.005665996940802413,0.6437576929043785,40.38762130528187
1046.6201673698042,0.03952326686805078,9.708890620793005,0.007917357489466247,0.7534853056068117,25.317449339511725
1517.1046111796863,0.03257696348408213,10.163436601548655,0.006310473365329404,0.7813169053499588,30.78641333098219
1203.499644128114,0.03740291524839435,10.015083901726657,0.006792362142793177,0.8113758146327241,27.453787493645144
2233.942396032359,0.02920642954799426,10.252111173402234,0.006041380165599879,0.676081021809208,36.031830562217976
851.3374784771379,0.04960499099042744,9.797013340057077,0.007581429604657834,0.878897476682635,21.75990051654869
213.47205476652704,0.07863202607885321,9.295399249721182,0.009711861331258394,0.9731041473378512,11.589148870951261
329.43276169056327,0.06401627928692248,9.394739438374012,0.009254023385230695,0.9473149926993936,14.446349920344861
557.9166794655199,0.05290145672931358,9.594905820722603,0.008373619765648274,0.9033830668508173,18.615036092766093
2040.7611034798538,0.02995322095604382,10.308677948865677,0.005868940720137969,0.7406470508650316,34.76026404151404
995.5526718286973,0.037570188438515506,10.068752384896705,0.006607001699886234,0.8791051440537948,25.23176560558264
1776.2700480066792,0.03063860206262064,10.224471520929816,0.006124780605655631,0.7515585731770112,32.964934251721985
251.53224078834617,0.07134119360058629,9.245946776010815,0.009952509564851261,0.9550854611338758,12.877570694087403
2999.9616904834293,0.027246681461702695,10.35127793009935,0.0057661955417522845,0.5909013457599187,40.837868653086055
336.6887596510578,0.06698267262103634,9.341637298374351,0.009517271845717261,0.9394336226639908,14.563421237340819
2048.4003809303936,0.031534082566785554,9.943471918141444,0.007076480205621764,0.5508790651147243,34.548135749740275
1676.9207252581214,0.03666028412521561,10.06437482872059,0.006652490545278665,0.754851299053495,30.313220851170993
694.3200113378686,0.04897787613153755,9.659646795146761,0.008093290901714055,0.8668641616905733,20.93324829931973
359.2108205230585,0.061764467277638554,9.319867857544217,0.009594960861246315,0.9231615502231534,15.314633659413055
959.1050507598209,0.04129096521671272,9.807683034513595,0.007540626052586448,0.8307083928282171,24.105239926855415
1704.07006214799,0.029944644151743617,10.06400357710321,0.006630212147037817,0.6841967399107688,32.63891046805205
305.79664864864867,0.07942775446647059,9.304504135776332,0.009730630588926117,0.9653505804463252,12.676864864864864
1060.8821755578704,0.039504065908121645,9.960861500040199,0.006993792965766643,0.8443251314401414,25.440868468666046
2679.5390080027387,0.033238129035196996,10.249786739527712,0.006075212961316674,0.6528554788658181,37.133393246886634
464.8815368196372,0.052907560136119684,9.44046368581558,0.009038529711786522,0.9014038525426952,17.482034863038063
1484.5559915484453,0.033523693855144795,10.190531561910351,0.006228664262907703,0.8213526593813095,29.73584580225087
583.6648883983321,0.04695033789092847,9.786500748325171,0.007580724397830984,0.9169606655311853,19.818923227863625
1125.4520014825796,0.03643336078558728,10.109640560867177,0.006479829731706726,0.8656800073117483,26.60767234988881
1110.8956560431616,0.04237569173408186,9.939182279319612,0.007065000928730935,0.8463909476599473,24.840480560654097
1607.213481363997,0.03695174537474879,10.000595022253282,0.006858399982093643,0.730781379617718,30.137615648955855
1744.4948999920314,0.030235417211791363,10.238141712064849,0.006062285462866738,0.7496378223079387,33.267710574547785
2675.0421721758075,0.025116155441812955,10.351388457072165,0.005741147414192275,0.5764828823756474,41.189066472938606
3270.315732608393,0.02580099889285554,10.43480974434971,0.00552883119918691,0.5629065563335703,43.71131325805103
1791.3653232242618,0.029989483718050332,10.274904454717943,0.0059753836138941654,0.7717951392542763,33.274341580207505
4553.715255485976,0.020761151848734654,10.693408167856564,0.0048481284884931645,0.5081722343389781,51.87496711045625
1755.9414162438748,0.03315684466883315,10.195011516620854,0.006220851367744304,0.7598060699993764,32.09795759073761
563.5983606557377,0.04947454829194894,9.723362909410916,0.007834481788702198,0.9168135609218939,19.23003701745108
1525.3018509729475,0.036208594483584586,10.001792120318362,0.006853426819083365,0.749504928995907,29.32631967515689
1295.75355074974,0.037126148972397154,10.074696587637227,0.006613892358965263,0.8325971678333008,27.851140693818973
1565.8308770439583,0.033411764981735294,10.200823432535868,0.006193687870991506,0.8030156387576624,30.523338288383943
1912.9541675944483,0.02901141634205242,10.306748075742982,0.005856293160240908,0.7494380182605,34.60495064202479
121.29176772720787,0.10071643636395114,8.970062788774797,0.011437947267216555,0.981998203861999,8.887430446568697
1017.2797571768978,0.04265481858944478,9.90403300473909,0.007179195923546898,0.8534151394240699,24.288834676046747
1922.8558221710905,0.030440114571294252,10.232226373599422,0.006096137162504497,0.7136732659624577,34.300065740816834
347.08689160943567,0.06847930647311978,9.348249945284476,0.00948511042717154,0.9409790575153343,14.446103314422217
1408.4921004701598,0.03266605786442548,10.188846863459888,0.00622146665195598,0.8121923962712748,30.008979626413655
2009.2388949079093,0.03661987562216092,10.096720328351699,0.006551454263955446,0.709788835083448,32.45932236777307
3666.847975035615,0.025333634509226467,10.481408893621746,0.0054104794468734585,0.5516031674715107,45.30303235872736
1013.5693703601869,0.042546817608409684,9.941264329849602,0.0070511087518390705,0.8530499905309146,24.677866373384656
2007.2282157676345,0.028117924006223212,10.243481565594193,0.00606271065287829,0.6854240693860377,35.65893743389473
914.3336683978333,0.0423195043004266,9.911045600162184,0.00714749729169836,0.8599325363832857,24.00698051041492
1089.2000222432296,0.037613841538962405,9.938602209862823,0.00706649326938114,0.8214531423153725,26.13557248512484
718.1156033714794,0.049555410261392305,9.748842534321735,0.007783963058442715,0.8940206128975997,20.666278352634826
3404.181732722807,0.023700938034309036,10.546264363505163,0.005215624207162873,0.5981809385919632,44.64866422051733
1638.9561092433105,0.0351047925028218,10.143973299286698,0.0063871825466441596,0.7683818543353693,31.407175424860682
4075.750556000356,0.023420399431291383,10.591457845810815,0.005110065076269224,0.5560114294893896,47.63674643418439
410.90404912684704,0.06267609022895147,9.373783065205108,0.009354102941434612,0.9204997417015405,15.760506620610247
984.6228042328042,0.04062137717543942,9.980925655955991,0.0069134227747246245,0.8765671564417585,24.364814814814814
372.46455018118803,0.06064509691629099,9.559949897529794,0.008512696425462256,0.9502874545906103,15.526311643296047
699.6896643344255,0.05582563205710318,9.548711199379516,0.008643254201580622,0.9195120940900264,19.602869542113186
4389.115179988177,0.0217568835400899,10.535145748410693,0.005252002762510034,0.41245091831987607,50.567032761892904
1930.533983991013,0.025799842388364785,10.357088739132376,0.005707468147786106,0.7426796022010194,35.865959837101535
3202.761453960882,0.023526103530976727,10.567510186283316,0.0051619201534692976,0.6347660523636345,44.06942335744694
9662.052992406521,0.01343437654174223,11.004509030555244,0.00411923698061593,0.07713009462865211,79.47372872206428
934.1432731162348,0.04097942180967933,9.85375192474199,0.007358960415394033,0.8359260110556549,24.343296886142145
456.87210762331836,0.057326064025272135,9.462610969314433,0.008967040221388516,0.9162082475510485,16.77578475336323
873.4223491610139,0.04173638259541172,9.671743158131154,0.008061435100472194,0.8117924799956282,23.385362370581937
1061.1324149397306,0.04180367917208074,9.857804220132163,0.007346563862434346,0.8141003547793112,25.158541654296066
3556.513408803649,0.0217127918621942,10.625498797699096,0.005003239294002369,0.5942624557703132,46.76834093531901
910.7705426356589,0.04191456046268018,9.965318477840563,0.006963878998646576,0.8848203097715067,23.471210906174818
429.62907431551497,0.060678936580689416,9.565035250170487,0.008524768934559113,0.9438958153226016,16.108213820078227
1388.6613578803817,0.0368663629434752,10.088172600397895,0.0065679731321241505,0.8101723599136273,28.581385154880184
1529.5196073418888,0.036028941904609216,10.035951988226474,0.006739412028176325,0.7493671309354754,30.216268725394958
1362.348129395218,0.04300417958374698,9.937007250412359,0.007079001371693434,0.8019081516351128,26.668804500703235
395.95104235449486,0.05996737979513176,9.38515443392957,0.009295525825292748,0.9242840713648751,15.725214602395997
1150.4568033199196,0.04266431857593655,9.811787335302672,0.007526122161979015,0.7990353148030077,25.048226861167002
1040.6105163129553,0.03773403069507401,9.810538601623877,0.007535474652918964,0.7950566490326839,25.668356034209694
1029.101027594966,0.03871681197198009,9.881619631455681,0.007256325658145873,0.8252054761985274,25.403071238886962
3076.6167430735495,0.030511140166424384,10.3099092574065,0.005889965656524873,0.6115632930739331,39.72888180187363
1622.2494622604615,0.035709894514987565,10.092134737498245,0.006559577202579133,0.7665262791375606,30.423396558466955
